Workbook
Name NativeTimeline_Date__Pacific: #N/A

Sheet Dashboard
A1: Headline KPIs | K1: Reason Pie Chart
A3: Total Searches | B3: =COUNTA('Search Audit'!A:A)-1 -> 2060
A5: Searches with Reason | B5: =COUNTIF('Search Audit'!E:E,"<>")-1 -> 873
A7: Blank Reason Count | B7: =B3-B5 -> 1187
A9: Blank Reason % | B9: =B7/B3 -> 0.57621359
A11: Late Night Searches (10pm-5am) | B11: {=SUMPRODUCT(('Search Audit'!I2:I1770<=5)+('Search Audit'!I2:I1770>=22))} -> 723
A13: Late Night % of Total | B13: =B11/B3 -> 0.35097087
A15: Late Night Blank % | B15: {=SUMPRODUCT((('Search Audit'!I2:I1770<=5)+('Search Audit'!I2:I1770>=22))*('Search Audit'!E2:E1770=""))/B7} -> 0.36731255
A17: Total Backdated Entries | B17: =flock_run_log!M2 -> 0
A19: Searches by Hour Chart
A45: Blank Reason % by Hour

Sheet Reason Graph
A3: Row Labels | B3: Count of Search ID
A4: 20 | B4: 1
A5: 207 | B5: 6
A6: 242 | B6: 1
A7: 288 | B7: 3
A8: 836 | B8: 1
A9: 1036 | B9: 3
A10: 2800.2 | B10: 1
A11: 5150 | B11: 1
A12: 10851 | B12: 18
A13: 49949 | B13: 2
A14: 10-36 | B14: 2
A15: 166 pc | B15: 1
A16: 207 sus | B16: 3
A17: 21 suspect | B17: 1
A18: 211 SUSPECT | B18: 8
A19: 211 vehicle | B19: 1
A20: 243d suspect | B20: 4
A21: 246 pc | B21: 1
A22: 288 pc | B22: 1
A23: 288 SUSP | B23: 1
A24: 288PC | B24: 1
A25: 314 suspect | B25: 2
... A197: R7-25-0008 | B197: 1

Sheet Late Night Analysis
A1: Hour (Pacific) | B1: Has Reason | C1: Blank Reason | D1: % Blank | R1: Has Reason Total | S1: =SUM(B2:B25) -> 873
A2: 1 AM | B2: =COUNTIFS('Search Audit'!I:I,1,'Search Audit'!E:E,"<>") -> 49 | C2: =COUNTIFS('Search Audit'!I:I,1,'Search Audit'!E:E,"") -> 62 | D2: =IF((B2+C2)=0,0,C2/(B2+C2)) -> 0.55855856
A3: 1 PM | B3: =COUNTIFS('Search Audit'!I:I,13,'Search Audit'!E:E,"<>") -> 38 | C3: =COUNTIFS('Search Audit'!I:I,13,'Search Audit'!E:E,"") -> 46 | D3: =IF((B3+C3)=0,0,C3/(B3+C3)) -> 0.54761905 | R3: Blank Reason Total | S3: =SUM(C2:C25) -> 1187
A4: 10 AM | B4: =COUNTIFS('Search Audit'!I:I,10,'Search Audit'!E:E,"<>") -> 55 | C4: =COUNTIFS('Search Audit'!I:I,10,'Search Audit'!E:E,"") -> 69 | D4: =IF((B4+C4)=0,0,C4/(B4+C4)) -> 0.55645161
A5: 10 PM | B5: =COUNTIFS('Search Audit'!I:I,22,'Search Audit'!E:E,"<>") -> 10 | C5: =COUNTIFS('Search Audit'!I:I,22,'Search Audit'!E:E,"") -> 12 | D5: =IF((B5+C5)=0,0,C5/(B5+C5)) -> 0.54545455 | R5: Avg % Blank Reason | S5: =AVERAGE(D2:D25) -> 0.58873292
A6: 11 AM | B6: =COUNTIFS('Search Audit'!I:I,11,'Search Audit'!E:E,"<>") -> 32 | C6: =COUNTIFS('Search Audit'!I:I,11,'Search Audit'!E:E,"") -> 39 | D6: =IF((B6+C6)=0,0,C6/(B6+C6)) -> 0.54929577
A7: 11 PM | B7: =COUNTIFS('Search Audit'!I:I,23,'Search Audit'!E:E,"<>") -> 7 | C7: =COUNTIFS('Search Audit'!I:I,23,'Search Audit'!E:E,"") -> 31 | D7: =IF((B7+C7)=0,0,C7/(B7+C7)) -> 0.81578947 | R7: Grand Total | S7: =SUM(B2:C25) -> 2060
A8: 12 AM | B8: =COUNTIFS('Search Audit'!I:I,0,'Search Audit'!E:E,"<>") -> 24 | C8: =COUNTIFS('Search Audit'!I:I,0,'Search Audit'!E:E,"") -> 50 | D8: =IF((B8+C8)=0,0,C8/(B8+C8)) -> 0.67567568
A9: 12 PM | B9: =COUNTIFS('Search Audit'!I:I,12,'Search Audit'!E:E,"<>") -> 31 | C9: =COUNTIFS('Search Audit'!I:I,12,'Search Audit'!E:E,"") -> 52 | D9: =IF((B9+C9)=0,0,C9/(B9+C9)) -> 0.62650602
A10: 2 AM | B10: =COUNTIFS('Search Audit'!I:I,2,'Search Audit'!E:E,"<>") -> 61 | C10: =COUNTIFS('Search Audit'!I:I,2,'Search Audit'!E:E,"") -> 71 | D10: =IF((B10+C10)=0,0,C10/(B10+C10)) -> 0.53787879
A11: 2 PM | B11: =COUNTIFS('Search Audit'!I:I,14,'Search Audit'!E:E,"<>") -> 47 | C11: =COUNTIFS('Search Audit'!I:I,14,'Search Audit'!E:E,"") -> 43 | D11: =IF((B11+C11)=0,0,C11/(B11+C11)) -> 0.47777778
A12: 3 AM | B12: =COUNTIFS('Search Audit'!I:I,3,'Search Audit'!E:E,"<>") -> 68 | C12: =COUNTIFS('Search Audit'!I:I,3,'Search Audit'!E:E,"") -> 90 | D12: =IF((B12+C12)=0,0,C12/(B12+C12)) -> 0.56962025
A13: 3 PM | B13: =COUNTIFS('Search Audit'!I:I,15,'Search Audit'!E:E,"<>") -> 35 | C13: =COUNTIFS('Search Audit'!I:I,15,'Search Audit'!E:E,"") -> 38 | D13: =IF((B13+C13)=0,0,C13/(B13+C13)) -> 0.52054795
A14: 4 AM | B14: =COUNTIFS('Search Audit'!I:I,4,'Search Audit'!E:E,"<>") -> 63 | C14: =COUNTIFS('Search Audit'!I:I,4,'Search Audit'!E:E,"") -> 97 | D14: =IF((B14+C14)=0,0,C14/(B14+C14)) -> 0.60625
A15: 4 PM | B15: =COUNTIFS('Search Audit'!I:I,16,'Search Audit'!E:E,"<>") -> 23 | C15: =COUNTIFS('Search Audit'!I:I,16,'Search Audit'!E:E,"") -> 23 | D15: =IF((B15+C15)=0,0,C15/(B15+C15)) -> 0.5
A16: 5 AM | B16: =COUNTIFS('Search Audit'!I:I,5,'Search Audit'!E:E,"<>") -> 44 | C16: =COUNTIFS('Search Audit'!I:I,5,'Search Audit'!E:E,"") -> 75 | D16: =IF((B16+C16)=0,0,C16/(B16+C16)) -> 0.6302521
A17: 5 PM | B17: =COUNTIFS('Search Audit'!I:I,17,'Search Audit'!E:E,"<>") -> 20 | C17: =COUNTIFS('Search Audit'!I:I,17,'Search Audit'!E:E,"") -> 19 | D17: =IF((B17+C17)=0,0,C17/(B17+C17)) -> 0.48717949
A18: 6 AM | B18: =COUNTIFS('Search Audit'!I:I,6,'Search Audit'!E:E,"<>") -> 47 | C18: =COUNTIFS('Search Audit'!I:I,6,'Search Audit'!E:E,"") -> 77 | D18: =IF((B18+C18)=0,0,C18/(B18+C18)) -> 0.62096774
A19: 6 PM | B19: =COUNTIFS('Search Audit'!I:I,18,'Search Audit'!E:E,"<>") -> 13 | C19: =COUNTIFS('Search Audit'!I:I,18,'Search Audit'!E:E,"") -> 20 | D19: =IF((B19+C19)=0,0,C19/(B19+C19)) -> 0.60606061
A20: 7 AM | B20: =COUNTIFS('Search Audit'!I:I,7,'Search Audit'!E:E,"<>") -> 71 | C20: =COUNTIFS('Search Audit'!I:I,7,'Search Audit'!E:E,"") -> 86 | D20: =IF((B20+C20)=0,0,C20/(B20+C20)) -> 0.5477707
A21: 7 PM | B21: =COUNTIFS('Search Audit'!I:I,19,'Search Audit'!E:E,"<>") -> 9 | C21: =COUNTIFS('Search Audit'!I:I,19,'Search Audit'!E:E,"") -> 15 | D21: =IF((B21+C21)=0,0,C21/(B21+C21)) -> 0.625
A22: 8 AM | B22: =COUNTIFS('Search Audit'!I:I,8,'Search Audit'!E:E,"<>") -> 60 | C22: =COUNTIFS('Search Audit'!I:I,8,'Search Audit'!E:E,"") -> 79 | D22: =IF((B22+C22)=0,0,C22/(B22+C22)) -> 0.56834532
A23: 8 PM | B23: =COUNTIFS('Search Audit'!I:I,20,'Search Audit'!E:E,"<>") -> 7 | C23: =COUNTIFS('Search Audit'!I:I,20,'Search Audit'!E:E,"") -> 17 | D23: =IF((B23+C23)=0,0,C23/(B23+C23)) -> 0.70833333
A24: 9 AM | B24: =COUNTIFS('Search Audit'!I:I,9,'Search Audit'!E:E,"<>") -> 54 | C24: =COUNTIFS('Search Audit'!I:I,9,'Search Audit'!E:E,"") -> 64 | D24: =IF((B24+C24)=0,0,C24/(B24+C24)) -> 0.54237288
A25: 9 PM | B25: =COUNTIFS('Search Audit'!I:I,21,'Search Audit'!E:E,"<>") -> 5 | C25: =COUNTIFS('Search Audit'!I:I,21,'Search Audit'!E:E,"") -> 12 | D25: =IF((B25+C25)=0,0,C25/(B25+C25)) -> 0.70588235

Sheet Searches by Hour
A1: Hour (Pacific) | B1: Total Searches
A2: 0 | B2: =COUNTIF('Search Audit'!I:I,0) -> 74
A3: 1 | B3: =COUNTIF('Search Audit'!I:I,1) -> 111
A4: 2 | B4: =COUNTIF('Search Audit'!I:I,2) -> 132
A5: 3 | B5: =COUNTIF('Search Audit'!I:I,3) -> 158
A6: 4 | B6: =COUNTIF('Search Audit'!I:I,4) -> 160
A7: 5 | B7: =COUNTIF('Search Audit'!I:I,5) -> 119
A8: 6 | B8: =COUNTIF('Search Audit'!I:I,6) -> 124
A9: 7 | B9: =COUNTIF('Search Audit'!I:I,7) -> 157
A10: 8 | B10: =COUNTIF('Search Audit'!I:I,8) -> 139
A11: 9 | B11: =COUNTIF('Search Audit'!I:I,9) -> 118
A12: 10 | B12: =COUNTIF('Search Audit'!I:I,10) -> 124
A13: 11 | B13: =COUNTIF('Search Audit'!I:I,11) -> 71
A14: 12 | B14: =COUNTIF('Search Audit'!I:I,12) -> 83
A15: 13 | B15: =COUNTIF('Search Audit'!I:I,13) -> 84
A16: 14 | B16: =COUNTIF('Search Audit'!I:I,14) -> 90
A17: 15 | B17: =COUNTIF('Search Audit'!I:I,15) -> 73
A18: 16 | B18: =COUNTIF('Search Audit'!I:I,16) -> 46
A19: 17 | B19: =COUNTIF('Search Audit'!I:I,17) -> 39
A20: 18 | B20: =COUNTIF('Search Audit'!I:I,18) -> 33
A21: 19 | B21: =COUNTIF('Search Audit'!I:I,19) -> 24
A22: 20 | B22: =COUNTIF('Search Audit'!I:I,20) -> 24
A23: 21 | B23: =COUNTIF('Search Audit'!I:I,21) -> 17
A24: 22 | B24: =COUNTIF('Search Audit'!I:I,22) -> 22
A25: 23 | B25: =COUNTIF('Search Audit'!I:I,23) -> 38
A28: GRAND TOTAL | B28: =SUM(B2:B25) -> 2060

Sheet Network Analysis
A1: Network Count Analysis
A3: Network Count | B3: Total Searches | C3: Blank Reason | D3: Has Reason | E3: % Blank | F3: Top Reason (Non-Blank) | G3: Top Reason Count
A4: 2 | B4: =COUNTIF('Search Audit'!D:D,A4) -> 229 | C4: =COUNTIFS('Search Audit'!D:D,A4,'Search Audit'!E:E,"") -> 142 | D4: =B4-C4 -> 87 | E4: =IF(B4=0,0,C4/B4) -> 0.62008734 | F4: suspect vehicle | G4: 8
A5: 3 | B5: =COUNTIF('Search Audit'!D:D,A5) -> 522 | C5: =COUNTIFS('Search Audit'!D:D,A5,'Search Audit'!E:E,"") -> 280 | D5: =B5-C5 -> 242 | E5: =IF(B5=0,0,C5/B5) -> 0.53639847 | F5: suspect vehicle | G5: 15
A6: 36 | B6: =COUNTIF('Search Audit'!D:D,A6) -> 104 | C6: =COUNTIFS('Search Audit'!D:D,A6,'Search Audit'!E:E,"") -> 89 | D6: =B6-C6 -> 15 | E6: =IF(B6=0,0,C6/B6) -> 0.85576923 | F6: suspect vehicle | G6: 7
A7: 15 | B7: =COUNTIF('Search Audit'!D:D,A7) -> 81 | C7: =COUNTIFS('Search Audit'!D:D,A7,'Search Audit'!E:E,"") -> 44 | D7: =B7-C7 -> 37 | E7: =IF(B7=0,0,C7/B7) -> 0.54320988 | F7: 10851 / Suspect | G7: 11
A8: 531 | B8: =COUNTIF('Search Audit'!D:D,A8) -> 154 | C8: =COUNTIFS('Search Audit'!D:D,A8,'Search Audit'!E:E,"") -> 87 | D8: =B8-C8 -> 67 | E8: =IF(B8=0,0,C8/B8) -> 0.56493506 | F8: suspect ID | G8: 6
A9: 1 | B9: =COUNTIF('Search Audit'!D:D,A9) -> 85 | C9: =COUNTIFS('Search Audit'!D:D,A9,'Search Audit'!E:E,"") -> 50 | D9: =B9-C9 -> 35 | E9: =IF(B9=0,0,C9/B9) -> 0.58823529 | F9: THREATS OF SELF HARM | G9: 6
A10: 433 | B10: =COUNTIF('Search Audit'!D:D,A10) -> 43 | C10: =COUNTIFS('Search Audit'!D:D,A10,'Search Audit'!E:E,"") -> 6 | D10: =B10-C10 -> 37 | E10: =IF(B10=0,0,C10/B10) -> 0.13953488 | F10: Drug Investigation | G10: 17
A11: 532 | B11: =COUNTIF('Search Audit'!D:D,A11) -> 41 | C11: =COUNTIFS('Search Audit'!D:D,A11,'Search Audit'!E:E,"") -> 21 | D11: =B11-C11 -> 20 | E11: =IF(B11=0,0,C11/B11) -> 0.51219512 | F11: Drug Investigation | G11: 7
A12: 432 | B12: =COUNTIF('Search Audit'!D:D,A12) -> 41 | C12: =COUNTIFS('Search Audit'!D:D,A12,'Search Audit'!E:E,"") -> 5 | D12: =B12-C12 -> 36 | E12: =IF(B12=0,0,C12/B12) -> 0.12195122 | F12: suspect ID | G12: 21
A13: 35 | B13: =COUNTIF('Search Audit'!D:D,A13) -> 48 | C13: =COUNTIFS('Search Audit'!D:D,A13,'Search Audit'!E:E,"") -> 37 | D13: =B13-C13 -> 11 | E13: =IF(B13=0,0,C13/B13) -> 0.77083333 | F13: Pattern of travel | G13: 4
A14: 575 | B14: =COUNTIF('Search Audit'!D:D,A14) -> 120 | C14: =COUNTIFS('Search Audit'!D:D,A14,'Search Audit'!E:E,"") -> 70 | D14: =B14-C14 -> 50 | E14: =IF(B14=0,0,C14/B14) -> 0.58333333 | F14: ycso suspect | G14: 4
A15: 4 | B15: =COUNTIF('Search Audit'!D:D,A15) -> 31 | C15: =COUNTIFS('Search Audit'!D:D,A15,'Search Audit'!E:E,"") -> 21 | D15: =B15-C15 -> 10 | E15: =IF(B15=0,0,C15/B15) -> 0.67741935 | F15: STOLEN VEHICLE | G15: 2
... A34: 826 | B34: =COUNTIF('Search Audit'!D:D,A34) -> 1 | C34: =COUNTIFS('Search Audit'!D:D,A34,'Search Audit'!E:E,"") -> 0 | D34: =B34-C34 -> 1 | E34: =IF(B34=0,0,C34/B34) -> 0 | F34: 487 pc suspect | G34: 1
A35: TOTAL | B35: =SUM(B4:B34) -> 1624 | C35: =SUM(C4:C34) -> 905 | D35: =SUM(D4:D34) -> 719 | E35: =IF(B35=0,0,C35/B35) -> 0.55726601
A38: Chart Data: Top 10 Network Counts by Volume
A39: Network Count | B39: Has Reason | C39: Blank Reason
A40: Net: 2 | B40: =D4 -> 87 | C40: =C4 -> 142
A41: Net: 3 | B41: =D5 -> 242 | C41: =C5 -> 280
A42: Net: 36 | B42: =D6 -> 15 | C42: =C6 -> 89
A43: Net: 15 | B43: =D7 -> 37 | C43: =C7 -> 44
A44: Net: 531 | B44: =D8 -> 67 | C44: =C8 -> 87
A45: Net: 1 | B45: =D9 -> 35 | C45: =C9 -> 50
A46: Net: 433 | B46: =D10 -> 37 | C46: =C10 -> 6
A47: Net: 532 | B47: =D11 -> 20 | C47: =C11 -> 21
A48: Net: 432 | B48: =D12 -> 36 | C48: =C12 -> 5
A49: Net: 35 | B49: =D13 -> 11 | C49: =C13 -> 37
A52: % Blank Rate by Network Count
A53: Network Count | B53: % Blank
A54: 2 | B54: =E4 -> 0.62008734
A55: 3 | B55: =E5 -> 0.53639847
A56: 36 | B56: =E6 -> 0.85576923
A57: 15 | B57: =E7 -> 0.54320988
A58: 531 | B58: =E8 -> 0.56493506
A59: 1 | B59: =E9 -> 0.58823529
A60: 433 | B60: =E10 -> 0.13953488
A61: 532 | B61: =E11 -> 0.51219512
A62: 432 | B62: =E12 -> 0.12195122
A63: 35 | B63: =E13 -> 0.77083333

Sheet Search Audit
A1: Search ID | B1: User ID | C1: Search Date (UTC/Zulu) | D1: Network Count | E1: Reason | F1: Search Date (Pacific) | G1: Date (Pacific) | H1: Day of Week | I1: Hour (Pacific)
A2: 0d467e68-708e-4b39-9eb7-83b2b7af3cc2 | B2: *** | C2: 46055.717 | D2: 15 | E2: 288 | F2: 46055.383 | G2: 46055 | H2: Monday | I2: 9
A3: 0699f1f0-50ac-441e-9b29-765e6469d80b | B3: *** | C3: 46055.766 | D3: 15 | E3: 288 | F3: 46055.433 | G3: 46055 | H3: Monday | I3: 10
A4: 35a6d6d0-05db-4caf-a9d1-8b7361638820 | B4: *** | C4: 46055.776 | D4: 2 | F4: 46055.443 | G4: 46055 | H4: Monday | I4: 10
A5: a1d98010-e5a7-41ac-b1ff-1b90e1c94e8e | B5: *** | C5: 46055.782 | D5: 4 | E5: STOLEN VEHICLE | F5: 46055.448 | G5: 46055 | H5: Monday | I5: 10
A6: 03af7616-75bc-4326-af92-ee81f6f30e27 | B6: *** | C6: 46055.792 | D6: 2 | E6: stolen veh | F6: 46055.458 | G6: 46055 | H6: Monday | I6: 11
A7: bb9a05ea-02fc-44e2-860a-c2dbf7cfe7e1 | B7: *** | C7: 46055.819 | D7: 15 | F7: 46055.486 | G7: 46055 | H7: Monday | I7: 11
A8: 7930b74f-fa09-4caf-90a7-3e7a7289db8f | B8: *** | C8: 46055.859 | D8: 2 | F8: 46055.526 | G8: 46055 | H8: Monday | I8: 12
A9: 05a06816-5fbd-45af-955a-631123af6549 | B9: *** | C9: 46055.864 | D9: 2 | F9: 46055.53 | G9: 46055 | H9: Monday | I9: 12
A10: 2a064e37-e2df-49cd-bf3a-d761776fdf4c | B10: *** | C10: 46055.869 | D10: 1 | F10: 46055.535 | G10: 46055 | H10: Monday | I10: 12
A11: 906d2967-5151-478b-a662-08ba5bcbc55b | B11: *** | C11: 46055.877 | D11: 2 | F11: 46055.544 | G11: 46055 | H11: Monday | I11: 13
A12: 576ba533-ddd3-46bb-a3dc-3e241ce4c0bf | B12: *** | C12: 46055.887 | D12: 15 | E12: 10851 | F12: 46055.554 | G12: 46055 | H12: Monday | I12: 13
A13: c329d679-e226-469d-bccd-1e61d57c9ba0 | B13: *** | C13: 46055.925 | D13: 15 | E13: 10851 | F13: 46055.592 | G13: 46055 | H13: Monday | I13: 14
A14: 88021183-a04b-4b7e-b244-97a189553aa9 | B14: *** | C14: 46055.938 | D14: 2 | F14: 46055.605 | G14: 46055 | H14: Monday | I14: 14
A15: 4b941c6b-2454-4484-8061-b2c37e5d66f4 | B15: *** | C15: 46055.985 | D15: 15 | E15: 10851 | F15: 46055.652 | G15: 46055 | H15: Monday | I15: 15
A16: 4be01773-0c22-4d3d-8e1b-4d5cc79a627c | B16: *** | C16: 46056.152 | D16: 2 | F16: 46055.819 | G16: 46055 | H16: Monday | I16: 19
A17: eae7fd71-08ff-445d-b7fb-72595f11a8c5 | B17: *** | C17: 46056.317 | D17: 2 | F17: 46055.984 | G17: 46055 | H17: Monday | I17: 23
A18: 761a53ad-9a16-4582-a1bb-353ea60fc6ac | B18: *** | C18: 46056.41 | D18: 433 | E18: Drug Investigation | F18: 46056.076 | G18: 46056 | H18: Tuesday | I18: 1
A19: 01bf7107-44ef-46c0-a4fa-17c279e84ce8 | B19: *** | C19: 46056.415 | D19: 2 | F19: 46056.081 | G19: 46056 | H19: Tuesday | I19: 1
A20: aa4b518d-aa1c-4481-9063-820e49274506 | B20: *** | C20: 46056.422 | D20: 433 | E20: suspect ID | F20: 46056.088 | G20: 46056 | H20: Tuesday | I20: 2
A21: 9836aabb-99c5-4186-a1a8-006936194e3f | B21: *** | C21: 46056.429 | D21: 433 | E21: Drug Investigation | F21: 46056.095 | G21: 46056 | H21: Tuesday | I21: 2
A22: 318cf320-dfa9-4192-969c-7eea817a39d6 | B22: *** | C22: 46056.46 | D22: 433 | E22: Drug Investigation | F22: 46056.126 | G22: 46056 | H22: Tuesday | I22: 3
A23: 94a74dfd-e059-4c27-a82b-22598a9bfcea | B23: *** | C23: 46056.497 | D23: 1 | E23: STOLEN VEHICLE | F23: 46056.164 | G23: 46056 | H23: Tuesday | I23: 3
A24: 9f0d5b1f-6308-4b46-9539-a055b19ccdc2 | B24: *** | C24: 46056.506 | D24: 2 | F24: 46056.173 | G24: 46056 | H24: Tuesday | I24: 4
A25: c344a0b3-eeca-4518-84ee-898bfbcadd1c | B25: *** | C25: 46056.577 | D25: 35 | F25: 46056.244 | G25: 46056 | H25: Tuesday | I25: 5
A26: 0d8b9b38-029f-46ea-95bf-55283c95db10 | B26: *** | C26: 46056.586 | D26: 433 | E26: Drug Investigation | F26: 46056.253 | G26: 46056 | H26: Tuesday | I26: 6
A27: 4148d926-e16e-40dd-8c64-996f20362cb4 | B27: *** | C27: 46056.614 | D27: 36 | E27: shooting suspect / stolen vehicle | F27: 46056.28 | G27: 46056 | H27: Tuesday | I27: 6
A28: 14a5ad81-f3ac-460a-af50-223c821a431d | B28: *** | C28: 46056.632 | D28: 433 | E28: Drug Investigation | F28: 46056.298 | G28: 46056 | H28: Tuesday | I28: 7
A29: b39315e8-17c3-43c5-9ba2-a73837adee27 | B29: *** | C29: 46056.643 | D29: 36 | E29: stolen vehicle | F29: 46056.31 | G29: 46056 | H29: Tuesday | I29: 7
A30: 84677b4b-7682-459d-a544-5790ed6c19bf | B30: *** | C30: 46056.669 | D30: 2 | E30: 288 | F30: 46056.336 | G30: 46056 | H30: Tuesday | I30: 8
A31: 47cc24e3-ff84-4f58-b96f-1e29090c3166 | B31: *** | C31: 46056.719 | D31: 15 | E31: 10851 | F31: 46056.385 | G31: 46056 | H31: Tuesday | I31: 9
A32: 80871e1d-4f8f-4ed6-b745-5e657e43595a | B32: *** | C32: 46056.723 | D32: 35 | F32: 46056.39 | G32: 46056 | H32: Tuesday | I32: 9
A33: d8a81c75-0754-496f-a1f6-12862436e50e | B33: *** | C33: 46056.757 | D33: 433 | E33: Drug investigations | F33: 46056.423 | G33: 46056 | H33: Tuesday | I33: 10
A34: 507eb95a-e75f-4405-89e8-da1a19180f01 | B34: *** | C34: 46056.759 | D34: 35 | F34: 46056.426 | G34: 46056 | H34: Tuesday | I34: 10
A35: 6929dcaa-b275-4821-8811-b983030ea7bf | B35: *** | C35: 46056.767 | D35: 15 | E35: 10851 | F35: 46056.434 | G35: 46056 | H35: Tuesday | I35: 10
A36: f20920d7-266d-459c-881b-f970824c6a34 | B36: *** | C36: 46056.802 | D36: 15 | E36: 10851 | F36: 46056.469 | G36: 46056 | H36: Tuesday | I36: 11
A37: 67be2a87-f768-4f73-8519-1619cb6560f5 | B37: *** | C37: 46056.81 | D37: 35 | F37: 46056.477 | G37: 46056 | H37: Tuesday | I37: 11
A38: d36d3e19-bc08-48e9-9e7a-5290d1ba3277 | B38: *** | C38: 46056.848 | D38: 15 | E38: 10851 | F38: 46056.515 | G38: 46056 | H38: Tuesday | I38: 12
A39: 17c01a91-a72f-43be-9a95-0d5969a6e94f | B39: *** | C39: 46056.884 | D39: 15 | E39: 10851 | F39: 46056.55 | G39: 46056 | H39: Tuesday | I39: 13
A40: dde6f2e4-b9ad-4ca6-a658-ab41f1933268 | B40: *** | C40: 46056.927 | D40: 15 | E40: 10851 | F40: 46056.594 | G40: 46056 | H40: Tuesday | I40: 14
A41: 0f199f1d-ece8-4804-a809-8164d94b6f15 | B41: *** | C41: 46056.931 | D41: 2 | E41: 1036 | F41: 46056.597 | G41: 46056 | H41: Tuesday | I41: 14
A42: 1eefdabd-cc0f-4079-91f1-76c4f32934f6 | B42: *** | C42: 46056.936 | D42: 16 | E42: suspect vehicle | F42: 46056.602 | G42: 46056 | H42: Tuesday | I42: 14
A43: 70cbdd96-7752-4bf3-a06d-926d28f25988 | B43: *** | C43: 46056.958 | D43: 15 | E43: 1036 | F43: 46056.625 | G43: 46056 | H43: Tuesday | I43: 15
A44: e0522fe4-eb97-44e3-aea7-d6522b0938dc | B44: *** | C44: 46057.175 | D44: 2 | F44: 46056.841 | G44: 46056 | H44: Tuesday | I44: 20
A45: 1939a98a-6d6a-49b3-b420-4878e2b6436b | B45: *** | C45: 46057.215 | D45: 2 | F45: 46056.882 | G45: 46056 | H45: Tuesday | I45: 21
A46: dc9fb551-4244-4289-9c66-903adafdb985 | B46: *** | C46: 46057.237 | D46: 433 | E46: Drug Investigation | F46: 46056.904 | G46: 46056 | H46: Tuesday | I46: 21
A47: 7fdc2afc-b80e-48ad-b481-ff8db9275dfb | B47: *** | C47: 46057.449 | D47: 4 | F47: 46057.115 | G47: 46057 | H47: Wednesday | I47: 2
A48: ccb58226-692e-406d-afd8-74ff38ef6c4b | B48: *** | C48: 46057.451 | D48: 36 | E48: Suspect in 288 | F48: 46057.118 | G48: 46057 | H48: Wednesday | I48: 2
A49: 2379cd99-34d4-4728-be5c-32fd11e59c5d | B49: *** | C49: 46057.456 | D49: 2 | E49: wanted | F49: 46057.122 | G49: 46057 | H49: Wednesday | I49: 2
A50: 3edfa2c2-35e6-4ac0-b998-057a12bec129 | B50: *** | C50: 46057.456 | D50: 2 | F50: 46057.123 | G50: 46057 | H50: Wednesday | I50: 2
A51: 4ffb6bc8-5be9-4611-9c02-ac0b90f7afe0 | B51: *** | C51: 46057.459 | D51: 36 | E51: Suspect in 288 | F51: 46057.126 | G51: 46057 | H51: Wednesday | I51: 3
A52: 627218db-85d6-4e76-80e3-5811175cf7fe | B52: *** | C52: 46057.46 | D52: 632 | F52: 46057.126 | G52: 46057 | H52: Wednesday | I52: 3
A53: 363500f6-57d3-4c1b-a02a-d79dacc56186 | B53: *** | C53: 46057.463 | D53: 2 | F53: 46057.13 | G53: 46057 | H53: Wednesday | I53: 3
A54: 7f868bab-38b2-48bf-acd1-212dee39b35b | B54: *** | C54: 46057.464 | D54: 2 | F54: 46057.131 | G54: 46057 | H54: Wednesday | I54: 3
A55: 96490c3a-c171-4cea-9609-e042788c9919 | B55: *** | C55: 46057.465 | D55: 2 | F55: 46057.131 | G55: 46057 | H55: Wednesday | I55: 3
A56: 8597b8a6-283e-4b18-be87-a64d1ca98cca | B56: *** | C56: 46057.465 | D56: 2 | F56: 46057.131 | G56: 46057 | H56: Wednesday | I56: 3
A57: 3945aeb2-144a-42c0-9962-e0ef0b33ceb3 | B57: *** | C57: 46057.465 | D57: 15 | E57: locate | F57: 46057.131 | G57: 46057 | H57: Wednesday | I57: 3
A58: bb924c8b-718d-4fc4-9396-084c5228247c | B58: *** | C58: 46057.466 | D58: 632 | E58: 288PC | F58: 46057.133 | G58: 46057 | H58: Wednesday | I58: 3
A59: 3e4d9052-1d63-4969-b5ac-9a37bd6d3a38 | B59: *** | C59: 46057.47 | D59: 1 | E59: 288 SUSP | F59: 46057.136 | G59: 46057 | H59: Wednesday | I59: 3
A60: ba5c4c70-03fe-47ce-a135-69fedf63accb | B60: *** | C60: 46057.48 | D60: 16 | E60: wanted | F60: 46057.146 | G60: 46057 | H60: Wednesday | I60: 3
A61: 9b1eaf93-3c5c-4f26-b995-d862d42c84a5 | B61: *** | C61: 46057.497 | D61: 13 | E61: Suspect location | F61: 46057.164 | G61: 46057 | H61: Wednesday | I61: 3
A62: 4e218b63-c477-4d1b-9a9e-39a5b788261d | B62: *** | C62: 46057.508 | D62: 15 | F62: 46057.174 | G62: 46057 | H62: Wednesday | I62: 4
A63: f048e862-a0f9-4d33-a31f-596edfbffa9a | B63: *** | C63: 46057.55 | D63: 2 | E63: Suspect | F63: 46057.217 | G63: 46057 | H63: Wednesday | I63: 5
A64: 5cf67fab-730b-4c30-99cc-6d26d486b0e6 | B64: *** | C64: 46057.553 | D64: 40 | F64: 46057.22 | G64: 46057 | H64: Wednesday | I64: 5
A65: c762565d-a6b5-46ce-acb2-47204f23da6d | B65: *** | C65: 46057.566 | D65: 433 | E65: Drug Investigation | F65: 46057.233 | G65: 46057 | H65: Wednesday | I65: 5
A66: 4f2961ac-35f4-4ed5-95ce-af034197df5f | B66: *** | C66: 46057.721 | D66: 433 | E66: suspect ID | F66: 46057.387 | G66: 46057 | H66: Wednesday | I66: 9
A67: 8b4e354d-0b7a-4917-a858-30e83266468c | B67: *** | C67: 46057.976 | D67: 4 | F67: 46057.642 | G67: 46057 | H67: Wednesday | I67: 15
A68: 6531f058-0c71-4775-b1b9-47c4cd7f45eb | B68: *** | C68: 46058.364 | D68: 2 | F68: 46058.031 | G68: 46058 | H68: Thursday | I68: 0
A69: 8694d87f-fa91-427d-870e-610441a18269 | B69: *** | C69: 46058.383 | D69: 2 | E69: wanted | F69: 46058.05 | G69: 46058 | H69: Thursday | I69: 1
A70: 59d67eae-8941-4c68-b6ec-8f91e77d57ba | B70: *** | C70: 46058.385 | D70: 15 | F70: 46058.052 | G70: 46058 | H70: Thursday | I70: 1
A71: edc9841d-989a-4bf6-add4-df2513654811 | B71: *** | C71: 46058.447 | D71: 433 | F71: 46058.114 | G71: 46058 | H71: Thursday | I71: 2
A72: 9d1a3fad-93e7-4103-b22a-baede33ad3b7 | B72: *** | C72: 46058.469 | D72: 40 | E72: 288 pc | F72: 46058.136 | G72: 46058 | H72: Thursday | I72: 3
A73: cb5051ff-a8c9-4c20-90fa-ac69abf6b5cd | B73: *** | C73: 46058.482 | D73: 2 | F73: 46058.149 | G73: 46058 | H73: Thursday | I73: 3
A74: 8e277e82-4f40-4404-afb7-cfb2cfe1a2c5 | B74: *** | C74: 46058.485 | D74: 36 | E74: suspect vehicle | F74: 46058.152 | G74: 46058 | H74: Thursday | I74: 3
A75: 98de8c1d-36ea-411f-bb96-d1063e7217be | B75: *** | C75: 46058.561 | D75: 40 | E75: 246 pc | F75: 46058.228 | G75: 46058 | H75: Thursday | I75: 5
A76: 12fdc69b-f07a-49c1-9519-4fa18f5efb5a | B76: *** | C76: 46058.575 | D76: 2 | E76: suspect vehicle | F76: 46058.241 | G76: 46058 | H76: Thursday | I76: 5
A77: 2d71d040-6a53-4514-9941-d99c95752073 | B77: *** | C77: 46058.583 | D77: 2 | E77: suspect vehicle | F77: 46058.25 | G77: 46058 | H77: Thursday | I77: 6
A78: 994c96fd-31ec-4fd4-b0e2-1f27f35fc022 | B78: *** | C78: 46058.62 | D78: 2 | E78: Search warrant | F78: 46058.286 | G78: 46058 | H78: Thursday | I78: 6
A79: a2232f9e-2878-4149-9dfc-2bd429201c35 | B79: *** | C79: 46058.659 | D79: 3 | F79: 46058.326 | G79: 46058 | H79: Thursday | I79: 7
A80: b3cd08cd-7b8a-49c5-b4ad-9a8d41d31e18 | B80: *** | C80: 46058.678 | D80: 2 | E80: suspect vehicle | F80: 46058.345 | G80: 46058 | H80: Thursday | I80: 8
A81: f26fbdda-72be-47c8-9a0a-39ec2e4ee08e | B81: *** | C81: 46058.846 | D81: 2 | E81: SUSPEC ID | F81: 46058.513 | G81: 46058 | H81: Thursday | I81: 12
A82: cadb06f1-57a5-42f3-b8f6-b9f15ed5b98c | B82: *** | C82: 46058.886 | D82: 1 | F82: 46058.553 | G82: 46058 | H82: Thursday | I82: 13
A83: 854a827e-62dd-49a0-9d22-14ab71d28b38 | B83: *** | C83: 46059.414 | D83: 433 | F83: 46059.08 | G83: 46059 | H83: Friday | I83: 1
A84: ef2abbaa-ee16-4004-9527-59b9bf048eb4 | B84: *** | C84: 46059.442 | D84: 433 | F84: 46059.109 | G84: 46059 | H84: Friday | I84: 2
A85: 7f6ed7cd-3489-40f4-a308-3efdc8890507 | B85: *** | C85: 46059.513 | D85: 433 | E85: Drug Investigation | F85: 46059.18 | G85: 46059 | H85: Friday | I85: 4
A86: ad4694eb-1b7d-4f97-8acb-5a222b511e3f | B86: *** | C86: 46059.836 | D86: 4 | F86: 46059.503 | G86: 46059 | H86: Friday | I86: 12
A87: d6d19a17-f65f-4993-b588-4ca15d1236d3 | B87: *** | C87: 46060.733 | D87: 2 | E87: 21 suspect | F87: 46060.4 | G87: 46060 | H87: Saturday | I87: 9
A88: aaa97eb4-bc95-4185-9f18-c18d963de985 | B88: *** | C88: 46060.735 | D88: 4 | F88: 46060.402 | G88: 46060 | H88: Saturday | I88: 9
A89: d5dafa1f-90e1-4e76-87e2-95b7ea6e1ba3 | B89: *** | C89: 46060.939 | D89: 1 | F89: 46060.606 | G89: 46060 | H89: Saturday | I89: 14
A90: b00d04e4-d82b-48ec-9e59-4645a220a0e3 | B90: *** | C90: 46061.339 | D90: 4 | F90: 46061.005 | G90: 46061 | H90: Sunday | I90: 0
A91: 24642408-4cc6-4706-ae4f-30bac1d821f0 | B91: *** | C91: 46061.413 | D91: 2 | F91: 46061.079 | G91: 46061 | H91: Sunday | I91: 1
A92: 44f3e7fd-0e6b-4101-a422-4400a723c050 | B92: *** | C92: 46061.414 | D92: 16 | E92: warrant | F92: 46061.081 | G92: 46061 | H92: Sunday | I92: 1
A93: 8a453448-e99c-4875-acf1-f6c679ae9943 | B93: *** | C93: 46061.495 | D93: 2 | E93: 836 | F93: 46061.162 | G93: 46061 | H93: Sunday | I93: 3
A94: 4f0081ce-1603-4d9f-bfb2-5e673d21f465 | B94: *** | C94: 46061.595 | D94: 433 | E94: Drug Investigation | F94: 46061.261 | G94: 46061 | H94: Sunday | I94: 6
A95: 8c60b3fa-a77a-498e-8f45-8e23f530dc68 | B95: *** | C95: 46061.629 | D95: 2 | E95: 5150 | F95: 46061.296 | G95: 46061 | H95: Sunday | I95: 7
A96: 78f19fd3-6859-4876-8306-c9141fd46348 | B96: *** | C96: 46061.629 | D96: 4 | F96: 46061.296 | G96: 46061 | H96: Sunday | I96: 7
A97: c829fcce-c7c6-4978-87cf-44dd7b34c66b | B97: *** | C97: 46061.629 | D97: 4 | F97: 46061.296 | G97: 46061 | H97: Sunday | I97: 7
A98: bfe23b44-7b51-47f9-9673-2c8ac73d4fb5 | B98: *** | C98: 46061.644 | D98: 2 | E98: suspect veh | F98: 46061.311 | G98: 46061 | H98: Sunday | I98: 7
A99: c23daa34-5073-455e-8e3d-50341d9b827e | B99: *** | C99: 46061.662 | D99: 2 | E99: suspect veh. | F99: 46061.328 | G99: 46061 | H99: Sunday | I99: 7
A100: f6c7e7bb-3c2b-4445-af02-e151ffe20812 | B100: *** | C100: 46062.089 | D100: 2 | F100: 46061.755 | G100: 46061 | H100: Sunday | I100: 18
...

Sheet flock_run_log
A1: Run Date/Time | B1: Rows Before | C1: Rows After | D1: New Rows | E1: New Rows Date Min | F1: New Rows Date Max | G1: Blank Reason # | H1: Blank Reason % | I1: Backdated Entries | J1: Backdated Detail | M1: Total Backdated Entries
A2: 46174.375 | B2: 2060 | C2: 2060 | D2: 0 | G2: 0 | H2: 0 | I2: 0 | M2: =SUM(I:I) -> 0
A3: 46173.583 | B3: 2046 | C3: 2060 | D3: 14 | E3: 46172 | F3: 46172 | G3: 10 | H3: 71.4 | I3: 0
A4: 46173.375 | B4: 2046 | C4: 2046 | D4: 0 | G4: 0 | H4: 0 | I4: 0
A5: 46172.621 | B5: 2036 | C5: 2046 | D5: 10 | E5: 46171 | F5: 46171 | G5: 8 | H5: 80 | I5: 0
A6: 46172.375 | B6: 2036 | C6: 2036 | D6: 0 | G6: 0 | H6: 0 | I6: 0
A7: 46171.583 | B7: 2024 | C7: 2036 | D7: 12 | E7: 46170 | F7: 46170 | G7: 9 | H7: 75 | I7: 0
A8: 46171.375 | B8: 2024 | C8: 2024 | D8: 0 | G8: 0 | H8: 0 | I8: 0
A9: 46170.583 | B9: 2018 | C9: 2024 | D9: 6 | E9: 46169 | F9: 46169 | G9: 4 | H9: 66.7 | I9: 0
A10: 46170.375 | B10: 2018 | C10: 2018 | D10: 0 | G10: 0 | H10: 0 | I10: 0
A11: 46169.583 | B11: 2010 | C11: 2018 | D11: 8 | E11: 46168 | F11: 46168 | G11: 6 | H11: 75 | I11: 0
A12: 46169.375 | B12: 2010 | C12: 2010 | D12: 0 | G12: 0 | H12: 0 | I12: 0
A13: 46168.814 | B13: 2006 | C13: 2010 | D13: 4 | E13: 46167 | F13: 46167 | G13: 3 | H13: 75 | I13: 0
A14: 46168.375 | B14: 2006 | C14: 2006 | D14: 0 | G14: 0 | H14: 0 | I14: 0
A15: 46167.712 | B15: 1995 | C15: 2006 | D15: 11 | E15: 46166 | F15: 46166 | G15: 8 | H15: 72.7 | I15: 0
A16: 46167.383 | B16: 1995 | C16: 1995 | D16: 0 | G16: 0 | H16: 0 | I16: 0
A17: 46166.583 | B17: 1990 | C17: 1995 | D17: 5 | E17: 46165 | F17: 46165 | G17: 4 | H17: 80 | I17: 0
A18: 46165.644 | B18: 1990 | C18: 1990 | D18: 0 | G18: 0 | H18: 0 | I18: 0
A19: 46165.634 | B19: 1978 | C19: 1990 | D19: 12 | E19: 46164 | F19: 46164 | G19: 8 | H19: 66.7 | I19: 0
A20: 46164.584 | B20: 477 | C20: 491 | D20: 14 | E20: 46163 | F20: 46163 | G20: 3 | H20: 21.4 | I20: 0
A21: 46164.375 | B21: 0 | C21: 477 | D21: 477 | E21: 46133 | F21: 46162 | G21: 289 | H21: 60.6 | I21: 0
