Workbook

Sheet Raw Data
A1: YUBA COUNTY SHERIFF — CRIME CLEARANCE RATE ANALYSIS
A2: Source: California DOJ OpenJustice — Crimes & Clearances dataset | Flock Safety cameras installed: November 2022
A3: Category | B3: Crime Type | C3: 2019 | D3: 2020 | E3: 2021 | F3: 2022 ★ Flock installed | G3: 2023 | H3: 2024
A4: Violent Crimes — REPORTED | B4: Homicide
B5: Rape
B6: Robbery
B7: Aggravated Assault
B8: TOTAL Violent Reported | C8: =SUM(C4:C7) -> 0 | D8: =SUM(D4:D7) -> 0 | E8: =SUM(E4:E7) -> 0 | F8: =SUM(F4:F7) -> 0 | G8: =SUM(G4:G7) -> 0 | H8: =SUM(H4:H7) -> 0
A9: Violent Crimes — CLEARED | B9: Homicide
B10: Rape
B11: Robbery
B12: Aggravated Assault
B13: TOTAL Violent Cleared | C13: =SUM(C9:C12) -> 0 | D13: =SUM(D9:D12) -> 0 | E13: =SUM(E9:E12) -> 0 | F13: =SUM(F9:F12) -> 0 | G13: =SUM(G9:G12) -> 0 | H13: =SUM(H9:H12) -> 0
A14: Property Crimes — REPORTED | B14: Burglary
B15: Motor Vehicle Theft
B16: Larceny-Theft
B17: TOTAL Property Reported | C17: =SUM(C13:C16) -> 0 | D17: =SUM(D13:D16) -> 0 | E17: =SUM(E13:E16) -> 0 | F17: =SUM(F13:F16) -> 0 | G17: =SUM(G13:G16) -> 0 | H17: =SUM(H13:H16) -> 0
A18: Property Crimes — CLEARED | B18: Burglary
B19: Motor Vehicle Theft
B20: Larceny-Theft
B21: TOTAL Property Cleared | C21: =SUM(C17:C20) -> 0 | D21: =SUM(D17:D20) -> 0 | E21: =SUM(E17:E20) -> 0 | F21: =SUM(F17:F20) -> 0 | G21: =SUM(G17:G20) -> 0 | H21: =SUM(H17:H20) -> 0
A23: HOW TO POPULATE THIS SHEET
A24: 1. Go to: https://openjustice.doj.ca.gov → Crimes & Clearances → Download Data
A25: 2. Filter for agency = 'Yuba County Sheriff's Department' and years 2019–2024.
A26: 3. Enter REPORTED counts in the blue 'REPORTED' rows; CLEARED counts in the 'CLEARED' rows.
A27: 4. Total rows (light blue) calculate automatically. The 'Analysis' sheet updates instantly.
A28: 5. Blue cell text = your inputs. Black cell text = formula-calculated values. Do not overwrite black cells.
A29: 6. Source note for each year: 'California DOJ OpenJustice — Crimes & Clearances, [Year]'

Sheet Clearance Rate Analysis
A1: CLEARANCE RATE ANALYSIS — YUBA COUNTY SHERIFF vs. CALIFORNIA STATEWIDE
A2: Clearance Rate = Offenses Cleared ÷ Offenses Reported | ★ marks Flock installation year (Nov 2022)
A3: Metric | B3: Crime Type | C3: 2019 | D3: 2020 | E3: 2021 | F3: 2022 | G3: 2022 ★ Flock | H3: 2024 | I3: Pre-Flock Avg (2019–2021) | J3: Post-Flock Avg (2023–2024)
A4: Violent Crime Clearance Rate | B4: Total Violent | C4: =IFERROR(IF('Raw Data'!C8=0,"",'Raw Data'!C13/'Raw Data'!C8),"") | D4: =IFERROR(IF('Raw Data'!D8=0,"",'Raw Data'!D13/'Raw Data'!D8),"") | E4: =IFERROR(IF('Raw Data'!E8=0,"",'Raw Data'!E13/'Raw Data'!E8),"") | F4: =IFERROR(IF('Raw Data'!F8=0,"",'Raw Data'!F13/'Raw Data'!F8),"") | G4: =IFERROR(IF('Raw Data'!G8=0,"",'Raw Data'!G13/'Raw Data'!G8),"") | H4: =IFERROR(IF('Raw Data'!H8=0,"",'Raw Data'!H13/'Raw Data'!H8),"") | I4: =IFERROR(AVERAGE(C4:E4),"") | J4: =IFERROR(AVERAGE(G4:H4),"")
B5: Homicide | C5: =IFERROR(IF('Raw Data'!C4=0,"",'Raw Data'!C9/'Raw Data'!C4),"") | D5: =IFERROR(IF('Raw Data'!D4=0,"",'Raw Data'!D9/'Raw Data'!D4),"") | E5: =IFERROR(IF('Raw Data'!E4=0,"",'Raw Data'!E9/'Raw Data'!E4),"") | F5: =IFERROR(IF('Raw Data'!F4=0,"",'Raw Data'!F9/'Raw Data'!F4),"") | G5: =IFERROR(IF('Raw Data'!G4=0,"",'Raw Data'!G9/'Raw Data'!G4),"") | H5: =IFERROR(IF('Raw Data'!H4=0,"",'Raw Data'!H9/'Raw Data'!H4),"") | I5: =IFERROR(AVERAGE(C5:E5),"") | J5: =IFERROR(AVERAGE(G5:H5),"")
A6: Property Crime Clearance Rate | B6: Total Property | C6: =IFERROR(IF('Raw Data'!C17=0,"",'Raw Data'!C21/'Raw Data'!C17),"") | D6: =IFERROR(IF('Raw Data'!D17=0,"",'Raw Data'!D21/'Raw Data'!D17),"") | E6: =IFERROR(IF('Raw Data'!E17=0,"",'Raw Data'!E21/'Raw Data'!E17),"") | F6: =IFERROR(IF('Raw Data'!F17=0,"",'Raw Data'!F21/'Raw Data'!F17),"") | G6: =IFERROR(IF('Raw Data'!G17=0,"",'Raw Data'!G21/'Raw Data'!G17),"") | H6: =IFERROR(IF('Raw Data'!H17=0,"",'Raw Data'!H21/'Raw Data'!H17),"") | I6: =IFERROR(AVERAGE(C6:E6),"") | J6: =IFERROR(AVERAGE(G6:H6),"")
B7: Motor Vehicle Theft | C7: =IFERROR(IF('Raw Data'!C15=0,"",'Raw Data'!C19/'Raw Data'!C15),"") | D7: =IFERROR(IF('Raw Data'!D15=0,"",'Raw Data'!D19/'Raw Data'!D15),"") | E7: =IFERROR(IF('Raw Data'!E15=0,"",'Raw Data'!E19/'Raw Data'!E15),"") | F7: =IFERROR(IF('Raw Data'!F15=0,"",'Raw Data'!F19/'Raw Data'!F15),"") | G7: =IFERROR(IF('Raw Data'!G15=0,"",'Raw Data'!G19/'Raw Data'!G15),"") | H7: =IFERROR(IF('Raw Data'!H15=0,"",'Raw Data'!H19/'Raw Data'!H15),"") | I7: =IFERROR(AVERAGE(C7:E7),"") | J7: =IFERROR(AVERAGE(G7:H7),"")
A9: Change: Post-Flock vs Pre-Flock (percentage points)
A10: Violent Crime Clearance Rate | B10: Total Violent | C10: =IFERROR(J4-I4,"")
B11: Homicide | C11: =IFERROR(J5-I5,"")
A12: Property Crime Clearance Rate | B12: Total Property | C12: =IFERROR(J6-I6,"")
B13: Motor Vehicle Theft | C13: =IFERROR(J7-I7,"")
A16: CALIFORNIA STATEWIDE COMPARISON (enter from DOJ Crime in California annual reports)
A17: CA Statewide | B17: Violent Crime Clearance Rate
A18: CA Statewide | B18: Property Crime Clearance Rate
A21: LEGEND
B22: Formula-calculated total or rate
B23: 2022 — Flock installation year (Nov 2022)
B24: Pre-Flock average (2019–2021)
B25: Post-Flock average (2023–2024)
B26: Blue text = enter your data here (from DOJ download)

Sheet Notes & Methodology
A1: NOTES, METHODOLOGY & CAVEATS
A2: Data Source
A3: California DOJ OpenJustice — Crimes & Clearances dataset. URL: https://openjustice.doj.ca.gov/exploration/crime-statistics/crime-statistics/crimes-clearances Download the full CSV and filter for 'Yuba County Sheriff's Department'.
A4: Clearance Rate Definition
A5: Clearance Rate = Number of offenses cleared ÷ Number of offenses reported. A crime is 'cleared' when law enforcement (a) arrests and charges a suspect, or (b) closes the case by exceptional means (death of offender, victim declines prosecution, etc.). This is the FBI Uniform Crime Reporting (UCR) standard definition.
A6: Flock Installation Date
A7: Flock Safety LPR cameras were installed in Yuba County in November 2022. The 2022 annual figure is therefore a partial-year effect at best; treat 2023 and 2024 as the first full post-Flock years.
A8: Why Motor Vehicle Theft Matters
A9: Flock's core use case is license plate recognition, making motor vehicle theft the crime type most directly amenable to ALPR assistance. A meaningful Flock effect should show most clearly in MVT clearance rates, if anywhere.
A10: Statewide Context (Critical)
A11: California clearance rates have declined broadly since 1990 across most crime types (Source: CJJC, 2023 — 'CA Law Enforcement Spending More, Solving Fewer Crimes'). Any Yuba County trend must be compared against the statewide trend to isolate a potential Flock effect from background conditions. A flat or declining Yuba rate is not automatically attributable to Flock (or its absence) without this comparison.
A12: Confounding Factors
... A19: For the June 2026 public presentation, lead with the visual chart (see 'Clearance Rate Analysis' sheet). Frame the analysis as: 'We asked the question the Sheriff's post did not answer — has Flock actually improved crime clearance rates?'
